{
    "now": "2024-02-24T10:29:15.657Z",
    "perfNow": 4059610.1999999285,
    "diagnosticCorrelation": "26cfe679-99bf-43db-96aa-bb67f0c25ef5",
    "source": "DownloadSupportFiles",
    "environment": {
        "productName": "adf",
        "buildVersion": "1.0.021624.1",
        "environmentType": 3,
        "resourceName": "datafactoryudacitydemo",
        "resourceRegion": "eastus",
        "resourceGroup": "rg-demo",
        "subscriptionId": "302484a2-e21f-444b-9047-6f7697b30238",
        "sessionId": "cdEButKBS2wJoK4q1SCkhI",
        "operationId": "",
        "gitType": "live",
        "loggingKey": "9a9acff4-1a28-4169-b68d-041799329030"
    },
    "additionalInfo": {
        "selectedResource": "DS_synapse_NYC_Payroll_Summary",
        "selectedResourceType": "dataset"
    }
}