{
    "now": "2024-02-24T10:29:35.235Z",
    "perfNow": 4079188.0999999046,
    "diagnosticCorrelation": "28b86283-44dc-41a4-b1b0-37485bc7dc3d",
    "source": "DownloadSupportFiles",
    "environment": {
        "productName": "adf",
        "buildVersion": "1.0.021624.1",
        "environmentType": 3,
        "resourceName": "datafactoryudacitydemo",
        "resourceRegion": "eastus",
        "resourceGroup": "rg-demo",
        "subscriptionId": "302484a2-e21f-444b-9047-6f7697b30238",
        "sessionId": "cdEButKBS2wJoK4q1SCkhI",
        "operationId": "",
        "gitType": "live",
        "loggingKey": "9a9acff4-1a28-4169-b68d-041799329030"
    },
    "additionalInfo": {
        "selectedResource": "DS_sql_NYC_Payroll_AGENCY_MD",
        "selectedResourceType": "dataset"
    }
}