{
    "name": "DS_datalake_NYC_Payroll_AGENCY_MD",
    "properties": {
        "linkedServiceName": {
            "referenceName": "LinkDataLakeGen2",
            "type": "LinkedServiceReference"
        },
        "annotations": [],
        "type": "DelimitedText",
        "typeProperties": {
            "location": {
                "type": "AzureBlobFSLocation",
                "fileName": "AgencyMaster.csv",
                "folderPath": "dirpayrollfiles",
                "fileSystem": "adlsnycpayroll-mikdad-k"
            },
            "columnDelimiter": ",",
            "escapeChar": "\\",
            "firstRowAsHeader": true,
            "quoteChar": "\""
        },
        "schema": [
            {
                "name": "AgencyID",
                "type": "String"
            },
            {
                "name": "AgencyName",
                "type": "String"
            }
        ]
    }
}