{
    "now": "2024-02-24T10:29:46.917Z",
    "perfNow": 4090869.399999976,
    "diagnosticCorrelation": "396e19cb-b355-4134-911c-a0e1a4d66b18",
    "source": "DownloadSupportFiles",
    "environment": {
        "productName": "adf",
        "buildVersion": "1.0.021624.1",
        "environmentType": 3,
        "resourceName": "datafactoryudacitydemo",
        "resourceRegion": "eastus",
        "resourceGroup": "rg-demo",
        "subscriptionId": "302484a2-e21f-444b-9047-6f7697b30238",
        "sessionId": "cdEButKBS2wJoK4q1SCkhI",
        "operationId": "",
        "gitType": "live",
        "loggingKey": "9a9acff4-1a28-4169-b68d-041799329030"
    },
    "additionalInfo": {
        "selectedResource": "DS_sql_NYC_Payroll_Summary",
        "selectedResourceType": "dataset"
    }
}