{
    "now": "2024-02-24T11:27:20.998Z",
    "perfNow": 7544958.799999952,
    "diagnosticCorrelation": "5c0ef7d7-1ad2-49c4-89cd-e9767e4b477f",
    "source": "DownloadSupportFiles",
    "environment": {
        "productName": "adf",
        "buildVersion": "1.0.021624.1",
        "environmentType": 3,
        "resourceName": "datafactoryudacitydemo",
        "resourceRegion": "eastus",
        "resourceGroup": "rg-demo",
        "subscriptionId": "302484a2-e21f-444b-9047-6f7697b30238",
        "sessionId": "uE6gmn5/9wmJfhsuss29+c",
        "operationId": "",
        "gitType": "live",
        "loggingKey": "9a9acff4-1a28-4169-b68d-041799329030"
    },
    "additionalInfo": {
        "selectedResource": "DataFlowNYCPayrollData2020",
        "selectedResourceType": "dataflow",
        "dataFlowSessionId": "e4ca8800-979a-4afc-8952-a09b6a023e72"
    }
}