{
    "now": "2024-02-24T10:29:29.795Z",
    "perfNow": 4073747.899999976,
    "diagnosticCorrelation": "ea155968-6210-429c-abb3-15f3f0d7abcd",
    "source": "DownloadSupportFiles",
    "environment": {
        "productName": "adf",
        "buildVersion": "1.0.021624.1",
        "environmentType": 3,
        "resourceName": "datafactoryudacitydemo",
        "resourceRegion": "eastus",
        "resourceGroup": "rg-demo",
        "subscriptionId": "302484a2-e21f-444b-9047-6f7697b30238",
        "sessionId": "cdEButKBS2wJoK4q1SCkhI",
        "operationId": "",
        "gitType": "live",
        "loggingKey": "9a9acff4-1a28-4169-b68d-041799329030"
    },
    "additionalInfo": {
        "selectedResource": "DS_datalake_NYC_Payroll_EMP_MD",
        "selectedResourceType": "dataset"
    }
}