{
    "name": "DataFlowNYCPayrollData2020",
    "properties": {
        "type": "MappingDataFlow",
        "typeProperties": {
            "sources": [
                {
                    "dataset": {
                        "referenceName": "DS_datalake_NYC_Payroll_Data_2020",
                        "type": "DatasetReference"
                    },
                    "name": "source1"
                }
            ],
            "sinks": [
                {
                    "dataset": {
                        "referenceName": "DS_sql_NYC_Payroll_Data_2020",
                        "type": "DatasetReference"
                    },
                    "name": "sink1"
                }
            ],
            "transformations": [],
            "scriptLines": [
                "source(output(",
                "          FiscalYear as string,",
                "          PayrollNumber as string,",
                "          AgencyID as string,",
                "          AgencyName as string,",
                "          EmployeeID as string,",
                "          LastName as string,",
                "          FirstName as string,",
                "          AgencyStartDate as string,",
                "          WorkLocationBorough as string,",
                "          TitleCode as string,",
                "          TitleDescription as string,",
                "          LeaveStatusasofJune30 as string,",
                "          BaseSalary as string,",
                "          PayBasis as string,",
                "          RegularHours as string,",
                "          RegularGrossPaid as string,",
                "          OTHours as string,",
                "          TotalOTPaid as string,",
                "          TotalOtherPay as string",
                "     ),",
                "     allowSchemaDrift: true,",
                "     validateSchema: false,",
                "     ignoreNoFilesFound: false) ~> source1",
                "source1 sink(allowSchemaDrift: true,",
                "     validateSchema: false,",
                "     input(",
                "          FiscalYear as integer,",
                "          PayrollNumber as integer,",
                "          AgencyID as string,",
                "          AgencyName as string,",
                "          EmployeeID as string,",
                "          LastName as string,",
                "          FirstName as string,",
                "          AgencyStartDate as date,",
                "          WorkLocationBorough as string,",
                "          TitleCode as string,",
                "          TitleDescription as string,",
                "          LeaveStatusasofJune30 as string,",
                "          BaseSalary as double,",
                "          PayBasis as string,",
                "          RegularHours as double,",
                "          RegularGrossPaid as double,",
                "          OTHours as double,",
                "          TotalOTPaid as double,",
                "          TotalOtherPay as double",
                "     ),",
                "     deletable:false,",
                "     insertable:true,",
                "     updateable:false,",
                "     upsertable:false,",
                "     format: 'table',",
                "     skipDuplicateMapInputs: true,",
                "     skipDuplicateMapOutputs: true,",
                "     errorHandlingOption: 'stopOnFirstError') ~> sink1"
            ]
        }
    }
}