{
    "now": "2024-02-24T10:29:43.018Z",
    "perfNow": 4086970.899999976,
    "diagnosticCorrelation": "71b03421-94d8-4c5c-b872-6599cf77bf4b",
    "source": "DownloadSupportFiles",
    "environment": {
        "productName": "adf",
        "buildVersion": "1.0.021624.1",
        "environmentType": 3,
        "resourceName": "datafactoryudacitydemo",
        "resourceRegion": "eastus",
        "resourceGroup": "rg-demo",
        "subscriptionId": "302484a2-e21f-444b-9047-6f7697b30238",
        "sessionId": "cdEButKBS2wJoK4q1SCkhI",
        "operationId": "",
        "gitType": "live",
        "loggingKey": "9a9acff4-1a28-4169-b68d-041799329030"
    },
    "additionalInfo": {
        "selectedResource": "DS_sql_NYC_Payroll_Data_2021",
        "selectedResourceType": "dataset"
    }
}