{
    "now": "2024-02-24T10:29:48.932Z",
    "perfNow": 4092884.5999999046,
    "diagnosticCorrelation": "2307f8c4-7027-46df-aba1-1f0b39b3fe82",
    "source": "DownloadSupportFiles",
    "environment": {
        "productName": "adf",
        "buildVersion": "1.0.021624.1",
        "environmentType": 3,
        "resourceName": "datafactoryudacitydemo",
        "resourceRegion": "eastus",
        "resourceGroup": "rg-demo",
        "subscriptionId": "302484a2-e21f-444b-9047-6f7697b30238",
        "sessionId": "cdEButKBS2wJoK4q1SCkhI",
        "operationId": "",
        "gitType": "live",
        "loggingKey": "9a9acff4-1a28-4169-b68d-041799329030"
    },
    "additionalInfo": {
        "selectedResource": "DS_sql_NYC_Payroll_TITLE_MD",
        "selectedResourceType": "dataset"
    }
}