{
    "now": "2024-02-24T10:29:32.614Z",
    "perfNow": 4076566.399999976,
    "diagnosticCorrelation": "818ef038-7e4f-48c0-ae29-3a02e50e5446",
    "source": "DownloadSupportFiles",
    "environment": {
        "productName": "adf",
        "buildVersion": "1.0.021624.1",
        "environmentType": 3,
        "resourceName": "datafactoryudacitydemo",
        "resourceRegion": "eastus",
        "resourceGroup": "rg-demo",
        "subscriptionId": "302484a2-e21f-444b-9047-6f7697b30238",
        "sessionId": "cdEButKBS2wJoK4q1SCkhI",
        "operationId": "",
        "gitType": "live",
        "loggingKey": "9a9acff4-1a28-4169-b68d-041799329030"
    },
    "additionalInfo": {
        "selectedResource": "DS_datalake_NYC_Payroll_TITLE_MD",
        "selectedResourceType": "dataset"
    }
}