{
    "now": "2024-02-24T10:29:21.082Z",
    "perfNow": 4065034.7999999523,
    "diagnosticCorrelation": "b8127483-5215-4209-8f7b-f1eee691b8b6",
    "source": "DownloadSupportFiles",
    "environment": {
        "productName": "adf",
        "buildVersion": "1.0.021624.1",
        "environmentType": 3,
        "resourceName": "datafactoryudacitydemo",
        "resourceRegion": "eastus",
        "resourceGroup": "rg-demo",
        "subscriptionId": "302484a2-e21f-444b-9047-6f7697b30238",
        "sessionId": "cdEButKBS2wJoK4q1SCkhI",
        "operationId": "",
        "gitType": "live",
        "loggingKey": "9a9acff4-1a28-4169-b68d-041799329030"
    },
    "additionalInfo": {
        "selectedResource": "DS_datalake_NYC_Payroll_AGENCY_MD",
        "selectedResourceType": "dataset"
    }
}