{
    "name": "DS_datalake_NYC_Payroll_Summary",
    "properties": {
        "linkedServiceName": {
            "referenceName": "LinkDataLakeGen2",
            "type": "LinkedServiceReference"
        },
        "annotations": [],
        "type": "DelimitedText",
        "typeProperties": {
            "location": {
                "type": "AzureBlobFSLocation",
                "folderPath": "dirstaging",
                "fileSystem": "adlsnycpayroll-mikdad-k"
            },
            "columnDelimiter": ",",
            "escapeChar": "\\",
            "firstRowAsHeader": true,
            "quoteChar": "\""
        },
        "schema": []
    }
}