{
    "now": "2024-02-24T15:18:30.756Z",
    "perfNow": 21414737.599999905,
    "diagnosticCorrelation": "eefe618a-d9e4-4ff4-8898-a6d183d846ab",
    "source": "DownloadSupportFiles",
    "environment": {
        "productName": "adf",
        "buildVersion": "1.0.021624.1",
        "environmentType": 3,
        "resourceName": "datafactoryudacitydemo",
        "resourceRegion": "eastus",
        "resourceGroup": "rg-demo",
        "subscriptionId": "302484a2-e21f-444b-9047-6f7697b30238",
        "sessionId": "O1YVRhK2po6+UBOUc9JGMe",
        "operationId": "",
        "gitType": "live",
        "loggingKey": "9a9acff4-1a28-4169-b68d-041799329030"
    },
    "additionalInfo": {
        "selectedResource": "TotalPaid",
        "selectedResourceType": "dataflow"
    }
}