{
    "now": "2024-02-24T10:29:22.949Z",
    "perfNow": 4066902.1999999285,
    "diagnosticCorrelation": "8ded4689-b3b9-4947-986a-fa6758de9526",
    "source": "DownloadSupportFiles",
    "environment": {
        "productName": "adf",
        "buildVersion": "1.0.021624.1",
        "environmentType": 3,
        "resourceName": "datafactoryudacitydemo",
        "resourceRegion": "eastus",
        "resourceGroup": "rg-demo",
        "subscriptionId": "302484a2-e21f-444b-9047-6f7697b30238",
        "sessionId": "cdEButKBS2wJoK4q1SCkhI",
        "operationId": "",
        "gitType": "live",
        "loggingKey": "9a9acff4-1a28-4169-b68d-041799329030"
    },
    "additionalInfo": {
        "selectedResource": "DS_datalake_NYC_Payroll_Data_2020",
        "selectedResourceType": "dataset"
    }
}