{
    "now": "2024-02-24T15:22:36.088Z",
    "perfNow": 21660071.69999993,
    "diagnosticCorrelation": "2f4e83cc-60c8-4af2-bdeb-7db345335ae3",
    "source": "DownloadSupportFiles",
    "environment": {
        "productName": "adf",
        "buildVersion": "1.0.021624.1",
        "environmentType": 3,
        "resourceName": "datafactoryudacitydemo",
        "resourceRegion": "eastus",
        "resourceGroup": "rg-demo",
        "subscriptionId": "302484a2-e21f-444b-9047-6f7697b30238",
        "sessionId": "O1YVRhK2po6+UBOUc9JGMe",
        "operationId": "",
        "gitType": "live",
        "loggingKey": "9a9acff4-1a28-4169-b68d-041799329030"
    },
    "additionalInfo": {
        "selectedResource": "pipeline1",
        "selectedResourceType": "pipeline"
    }
}