{
    "name": "DS_sql_NYC_Payroll_Data_2020",
    "properties": {
        "linkedServiceName": {
            "referenceName": "linkservicetosqldb",
            "type": "LinkedServiceReference"
        },
        "annotations": [],
        "type": "AzureSqlTable",
        "schema": [
            {
                "name": "FiscalYear",
                "type": "int",
                "precision": 10
            },
            {
                "name": "PayrollNumber",
                "type": "int",
                "precision": 10
            },
            {
                "name": "AgencyID",
                "type": "varchar"
            },
            {
                "name": "AgencyName",
                "type": "varchar"
            },
            {
                "name": "EmployeeID",
                "type": "varchar"
            },
            {
                "name": "LastName",
                "type": "varchar"
            },
            {
                "name": "FirstName",
                "type": "varchar"
            },
            {
                "name": "AgencyStartDate",
                "type": "date"
            },
            {
                "name": "WorkLocationBorough",
                "type": "varchar"
            },
            {
                "name": "TitleCode",
                "type": "varchar"
            },
            {
                "name": "TitleDescription",
                "type": "varchar"
            },
            {
                "name": "LeaveStatusasofJune30",
                "type": "varchar"
            },
            {
                "name": "BaseSalary",
                "type": "float",
                "precision": 15
            },
            {
                "name": "PayBasis",
                "type": "varchar"
            },
            {
                "name": "RegularHours",
                "type": "float",
                "precision": 15
            },
            {
                "name": "RegularGrossPaid",
                "type": "float",
                "precision": 15
            },
            {
                "name": "OTHours",
                "type": "float",
                "precision": 15
            },
            {
                "name": "TotalOTPaid",
                "type": "float",
                "precision": 15
            },
            {
                "name": "TotalOtherPay",
                "type": "float",
                "precision": 15
            }
        ],
        "typeProperties": {
            "schema": "dbo",
            "table": "NYC_Payroll_Data_2020"
        }
    }
}