{
    "now": "2024-02-24T10:29:24.799Z",
    "perfNow": 4068752.0999999046,
    "diagnosticCorrelation": "68222510-2f62-4b26-ad6c-c5d9b084280c",
    "source": "DownloadSupportFiles",
    "environment": {
        "productName": "adf",
        "buildVersion": "1.0.021624.1",
        "environmentType": 3,
        "resourceName": "datafactoryudacitydemo",
        "resourceRegion": "eastus",
        "resourceGroup": "rg-demo",
        "subscriptionId": "302484a2-e21f-444b-9047-6f7697b30238",
        "sessionId": "cdEButKBS2wJoK4q1SCkhI",
        "operationId": "",
        "gitType": "live",
        "loggingKey": "9a9acff4-1a28-4169-b68d-041799329030"
    },
    "additionalInfo": {
        "selectedResource": "DS_datalake_NYC_Payroll_Data_2021",
        "selectedResourceType": "dataset"
    }
}