{
    "now": "2024-02-24T11:27:22.886Z",
    "perfNow": 7546846.1999999285,
    "diagnosticCorrelation": "0c0d74fb-ad4a-4fb6-aa93-bdcd9edbfd9b",
    "source": "DownloadSupportFiles",
    "environment": {
        "productName": "adf",
        "buildVersion": "1.0.021624.1",
        "environmentType": 3,
        "resourceName": "datafactoryudacitydemo",
        "resourceRegion": "eastus",
        "resourceGroup": "rg-demo",
        "subscriptionId": "302484a2-e21f-444b-9047-6f7697b30238",
        "sessionId": "uE6gmn5/9wmJfhsuss29+c",
        "operationId": "",
        "gitType": "live",
        "loggingKey": "9a9acff4-1a28-4169-b68d-041799329030"
    },
    "additionalInfo": {
        "selectedResource": "DataFlowNYCPayrollData2021",
        "selectedResourceType": "dataflow",
        "dataFlowSessionId": "e4ca8800-979a-4afc-8952-a09b6a023e72"
    }
}